country,1960,1961,1962,1963,1964,1965,1966,1967,1968,1969,1970,1971,1972,1973,1974,1975,1976,1977,1978,1979,1980,1981,1982,1983,1984,1985,1986,1987,1988,1989,1990,1991,1992,1993,1994,1995,1996,1997,1998,1999,2000,2001,2002,2003,2004,2005,2006,2007,2008,2009,2010
Albania,,,,,,,,,,,,2420,2960,3000,2710,2910,3080,3170,3480,3390,3430,2690,2650,2810,3010,2810,3000,2900,2890,2900,2450,1920,1400,1330,1280,1240,1330,1100,1090,1070,986,883,959,1050,1150,1170,1190,1060,1150,1250,
Algeria,,,,,,,,,,,,41500,54700,56500,53300,53000,58800,62100,69500,75800,65700,67200,67300,74100,77000,80800,84100,88800,91000,94800,100000,103000,104000,105000,101000,107000,113000,122000,127000,137000,142000,137000,143000,155000,158000,167000,165000,164000,162000,152000,
Angola,,,,,,,,,,,,9120,10500,11700,12100,11400,11200,10700,10200,11000,11300,10300,10400,12900,14300,15700,18300,22300,27100,27200,28700,30000,32800,30500,33000,36400,39800,41600,43000,43600,43700,43500,51400,51400,57600,70900,80000,95100,106000,101000,
Argentina,,,,,,,,,,,,30600,31000,30500,30900,30600,31000,32700,33900,36400,38800,39500,40000,42000,42900,42600,42900,43300,46300,47200,48400,50200,54300,57000,62400,66900,72000,77500,79700,80100,82300,84500,81300,84300,87100,84700,86200,82900,82900,80800,
Armenia,,,,,,,,,,,,,,,,,,,,,,,,,,,,,,,137,135,263,370,303,245,742,539,547,646,632,602,738,692,746,861,846,826,797,825,
Australia,21300,22500,22900,23600,25400,28300,29600,31200,35300,38700,47700,53900,62400,68000,67500,75000,75300,82300,81600,86500,85400,97200,98600,107000,118000,128000,137000,149000,137000,145000,158000,167000,172000,175000,174000,187000,190000,201000,217000,214000,234000,254000,264000,264000,269000,280000,282000,299000,301000,311000,324000
Austria,7360,7120,7290,7750,7700,8000,8150,7790,7560,7360,7950,7370,7330,7920,7820,7810,7240,7670,7830,8010,7630,7410,7490,7300,7350,7560,7660,8060,9190,8620,8110,8350,8560,8770,8400,8740,8630,8710,8880,9720,9780,9780,9820,9600,9900,10100,10100,10900,11200,11400,11200
Azerbaijan,,,,,,,,,,,,,,,,,,,,,,,,,,,,,,,20600,19000,18200,16400,14900,14700,14400,14100,16300,19000,19000,19600,19800,19800,20100,27200,38100,52100,58600,64600,
Bahrain,,,,,,,,,,,,10700,10100,10800,11500,9960,10300,12000,11700,12100,12000,13000,10600,9910,11100,11100,12600,12900,13200,13400,13400,13000,13500,13900,13600,13700,13900,14300,14700,14500,14900,14900,15300,15600,15800,16100,16500,17000,17500,17600,
Bangladesh,,,,,,,,,,,,4850,5040,5340,5480,5460,5780,6020,6180,6400,6750,6880,7330,7780,7970,8420,8950,8780,9820,10200,10800,10900,11400,12000,12500,12800,13000,13100,13700,14400,15200,16200,16700,17600,18400,19300,21200,22100,23400,24800,
Belarus,,,,,,,,,,,,,,,,,,,,,,,,,,,,,,,3340,3480,3500,3220,3450,3320,3330,3320,3190,3510,3520,3600,3680,3580,3630,3810,3920,4010,4030,4050,
Belgium,14000,13400,13200,13400,13300,12400,10900,10300,9270,8260,7120,6850,6570,6510,6160,7970,8680,9060,8280,7620,8090,8180,9070,11000,12100,14000,14700,14500,13400,13000,13100,13000,12700,12100,11600,11900,12400,13400,13100,13900,13700,13300,13500,13700,13800,13900,13800,14400,14500,15300,15400
Benin,,,,,,,,,,,,1000,1020,1040,1060,1090,1110,1130,1160,1180,1210,1460,1500,1330,1340,1700,1780,1760,1730,1720,1770,1800,1780,1840,1850,1850,1920,1890,1850,1790,1450,1490,1550,1580,1620,1670,1830,1890,1940,2000,
Bolivia,,,,,,,,,,,,2300,3790,4570,4460,4270,4370,4170,4040,3960,4370,4510,4720,4810,4750,4730,4650,4430,4630,4750,4920,5050,5060,5150,5570,5770,5940,5800,5990,5190,5540,6230,7050,8050,10800,13900,14700,15500,16200,14200,
Bosnia and Herzegovina,,,,,,,,,,,,,,,,,,,,,,,,,,,,,,,4600,4320,3640,3130,758,817,1110,2150,2580,2610,3080,3100,3310,3490,3590,3650,3960,3950,4350,4470,
Botswana,,,,,,,,,,,,,,,,,,,,,,604,638,638,651,692,739,726,868,915,911,936,1040,1050,1070,1060,973,992,1120,1130,1130,1120,1120,1030,1020,1060,1060,979,1040,938,
Brazil,,,,,,,,,,,,49100,50400,51200,53600,53900,54200,55900,57200,60600,64400,66500,71100,80100,94100,102000,102000,106000,105000,108000,104000,105000,105000,106000,111000,112000,119000,126000,134000,142000,148000,152000,167000,178000,183000,195000,207000,216000,228000,230000,
Brunei,,,,,,,,,,,,6650,9350,13200,13600,14300,17700,18900,18900,20300,21100,16700,17000,17200,16400,16100,15600,15500,15200,15300,15600,16400,17500,17200,17600,18200,17700,17600,17000,18600,19700,19900,20300,21200,20800,21100,22300,20800,21100,18900,
Bulgaria,,,,,,,,,,,,5710,5600,5470,5150,6140,6360,6560,6730,7320,7740,8530,9360,9650,9940,9530,9880,10000,10500,10100,9610,8500,8830,9280,9420,10300,10700,10200,10200,9160,9920,10400,10700,10200,10300,10700,11000,9970,10200,9830,
Cambodia,,,,,,,,,,,,,,,,,,,,,,,,,,,,,,,,,,,,2900,2960,3020,3080,3140,3200,3260,3320,3370,3420,3480,3540,3590,3610,3670,
Cameroon,,,,,,,,,,,,2450,2500,2550,2620,2690,2760,2870,3430,5030,6710,8070,9050,9370,12400,12500,12400,12600,12000,11600,11000,10700,10800,10500,10500,9800,10300,10900,11300,11000,11100,10700,11000,10900,10800,10500,10300,9250,9300,8850,
Canada,57100,64300,74200,78900,85300,89700,96800,104000,113000,126000,145000,156000,177000,198000,192000,188000,182000,190000,191000,210000,207000,201000,203000,207000,229000,241000,240000,253000,273000,274000,274000,285000,294000,316000,339000,349000,358000,365000,365000,364000,373000,377000,384000,386000,398000,401000,411000,416000,406000,390000,396000
Chile,,,,,,,,,,,,5340,5410,5080,5100,4980,5180,5270,5310,5020,5800,6210,6350,6490,6750,6810,7010,7070,7250,7440,7470,7890,8180,7780,7860,7850,7870,7910,7650,7500,8120,8610,8600,8100,8080,8870,9160,8500,9060,9300,9560
China,,,,,,,,,,,,394000,415000,431000,446000,497000,512000,556000,604000,619000,616000,612000,638000,669000,717000,744000,763000,786000,817000,859000,886000,895000,912000,941000,992000,1070000,1100000,1100000,1090000,1060000,1060000,1090000,1170000,1320000,1490000,1620000,1730000,1820000,1990000,2090000,
Colombia,,,,,,,,,,,,19400,18200,17200,16900,17100,16700,16700,17500,17600,17700,18500,19600,20600,22700,24900,32900,39600,40200,44100,48200,46600,48400,49400,51300,60100,65700,67600,73600,76500,73300,73000,69100,74300,76200,79500,84600,87600,93600,99200,
"Congo, Dem. Rep.",,,,,,,,,,,,5930,6090,6280,6410,6640,8060,8160,8110,8450,8580,8940,9260,9660,10300,10700,10900,11100,11400,11700,12000,12200,12500,12700,13100,13700,14200,14400,14700,15100,17500,18200,18700,19400,20200,20800,21400,22100,22700,23400,
"Congo, Rep.",,,,,,,,,,,,335,672,2440,2860,2220,2510,2250,2880,3230,3820,4600,5140,5870,6540,6410,6550,6940,7690,8670,8750,8780,9390,10300,9810,10100,11200,12500,13700,14600,14600,13600,13100,12100,12500,13600,15400,12500,13300,15300,
Costa Rica,,,,,,,,,,,,663,681,685,692,700,719,694,718,736,767,784,790,832,994,1000,987,1010,1010,994,1030,1060,1280,974,975,962,994,1030,953,1110,1280,1270,1410,1440,2090,2310,2520,2760,2670,2710,
Cote d'Ivoire,,,,,,,,,,,,1640,1700,1760,1830,1900,1960,2020,2090,2210,2420,2850,3300,3600,3620,3800,3820,3750,3590,3310,3380,3460,3790,3930,4050,4250,5160,5440,5410,6030,6010,5970,6530,6780,9550,10600,11900,11500,11400,11900,
Croatia,,,,,,,,,,,,,,,,,,,,,,,,,,,,,,,5130,4800,4340,4550,4080,4180,4240,4120,4020,3600,3580,3750,3710,3750,3880,3810,4150,4060,3960,4070,
Cuba,,,,,,,,,,,,5350,5030,5300,5490,5570,5600,6060,6590,6840,6520,6560,7140,7290,7470,7420,7770,7890,8090,8670,9440,8350,8380,6550,6710,6190,6670,6530,6070,6910,7910,8160,8210,8020,7480,6290,5980,5810,5700,5570,
Cyprus,,,,,,,,,,,,9.12,9.12,9.12,4.11,6.26,7.93,7.93,8.17,8.41,6.26,6.02,6.02,5.78,6.62,6.73,6.73,6.5,6.02,6.02,6.14,5.54,5.49,5.47,11.7,42.4,43.1,41.6,43,43.6,44.3,44.5,44.7,48.1,50.1,51,51.5,73.1,82.9,84.6,
Czech Republic,,,,,,,,,,,,40000,39700,38500,39100,40500,41500,43300,42000,43200,41200,41300,41900,42500,43100,42700,43600,44700,44100,42400,40900,38600,36300,35800,33300,32400,33100,33500,31500,28800,30700,31400,31500,33500,34500,32900,33600,33800,32800,31200,31400
Denmark,995,932,919,904,805,785,740,538,329,187,378,329,434,426,447,526,596,913,877,972,952,1560,2580,3100,3530,4980,6510,8160,8310,9530,10100,11900,12900,13900,15100,15600,17700,20200,20400,23800,27700,27100,28600,28500,31100,31300,29600,27100,26600,23900,23200
Dominican Republic,,,,,,,,,,,,1210,1250,1210,1250,1260,1330,1310,1360,1400,1330,1560,1730,1760,1920,1350,1380,1410,1180,1010,1030,1040,1340,1450,1450,1440,1450,1460,1380,1490,1420,1500,1510,1540,1610,1880,1890,1900,1880,1890,
Ecuador,,,,,,,,,,,,1380,5300,11900,10300,9470,10800,10700,11600,11900,11800,12100,11900,13700,14900,16000,16400,10600,17100,16000,16500,17300,18400,19700,21500,22100,21900,22000,21400,21400,22700,23000,22200,23700,29300,29400,29900,28900,28600,27300,
Egypt,,,,,,,,,,,,16400,12100,9840,8830,13300,18400,23100,27700,29000,33500,36200,37600,40800,47000,51200,47900,53300,51700,53600,54900,55500,56600,59800,59200,59800,58700,57700,57200,59300,56500,57000,60900,64400,64700,76900,79700,82300,87500,88200,
El Salvador,,,,,,,,,,,,1260,1290,1330,1390,1560,1900,1960,2090,2060,1910,2150,2250,2140,2180,2010,1650,1800,1640,1660,1690,1720,1750,1730,1750,1790,1820,1850,1850,2000,2120,2290,2320,2400,2390,2490,2630,2900,3110,3160,
Eritrea,,,,,,,,,,,,,,,,,,,,,,,,,,,,,,,,,708,708,708,730,755,779,482,496,508,531,548,564,482,500,515,530,546,562,
Estonia,,,,,,,,,,,,,,,,,,,,,,,,,,,,,,,5420,4740,4450,3240,3410,3220,3750,3680,3240,2990,3180,3170,3380,3910,3710,3870,3750,4410,4230,4160,4900
Ethiopia,,,,,,,,,,,,8130,8340,8560,8790,9020,9260,9510,9780,10100,10300,10600,10900,11200,11600,11900,12200,12600,13100,13500,14100,14500,15000,14700,15100,15500,15900,16300,16800,17200,17600,18000,18400,18900,19400,19900,20400,28800,29600,30400,
Finland,5290,5500,5560,5390,5390,5440,5460,5420,5200,5030,5000,4980,4880,4880,4990,4370,4160,5060,5340,6430,6910,8960,10100,10200,10500,10400,11300,10700,11200,11700,12100,11200,12100,11800,13000,13200,13600,15000,13600,15400,15100,15100,16100,16000,15800,16700,18200,16100,16500,16600,17200
France,45300,44100,44700,42600,45800,46000,45900,44400,41200,41400,50100,47600,46900,44200,42300,43600,41100,44500,45700,47900,52600,64000,63600,73000,85100,93300,99900,104000,105000,109000,112000,119000,120000,126000,124000,128000,132000,129000,125000,127000,131000,132000,134000,136000,137000,137000,137000,135000,137000,130000,136000
Gabon,,,,,,,,,,,,6450,7010,8640,11200,11900,11900,11800,11200,10900,9440,8350,8590,8610,8680,9430,9130,8650,8840,11200,14600,15900,15900,16800,18500,19800,19900,20100,19200,17200,15100,14400,14100,15100,15100,14900,13500,13800,13500,13600,
Georgia,,,,,,,,,,,,,,,,,,,,,,,,,,,,,,,2110,1660,1490,1780,1030,1200,1610,1440,1380,1330,1330,1270,1330,1380,1290,981,929,1080,1080,1260,
Germany,125000,127000,127000,130000,132000,126000,120000,110000,113000,117000,175000,175000,172000,172000,173000,172000,174000,173000,175000,182000,186000,192000,193000,190000,198000,209000,200000,200000,202000,201000,186000,168000,163000,152000,145000,145000,143000,144000,136000,137000,135000,135000,135000,136000,138000,135000,136000,138000,134000,127000,129000
Ghana,,,,,,,,,,,,2340,2470,2630,2760,2820,2920,3010,3030,3210,3310,3380,3420,3290,3330,3550,3790,3950,4090,4270,4390,4640,4840,4970,5130,5250,5410,5540,5410,5640,5880,6000,5990,6020,6270,6430,6550,6520,6860,7050,
Greece,322,341,385,495,520,641,764,800,867,1040,1690,2090,2170,2330,2450,2930,3460,3620,3480,3760,3700,4420,5510,5950,6420,6930,7230,8050,8250,8860,9200,9040,8960,8980,9150,9300,9120,9560,9830,9530,9990,9970,10200,9910,10300,10300,10100,10200,9860,10100,9190
Guatemala,,,,,,,,,,,,1930,1980,2040,2100,2450,2600,2640,2660,2780,2580,2670,2880,2890,2820,2780,3050,3080,3150,3250,3390,3500,3620,3620,3610,3830,4240,4670,4970,5370,5240,5230,5410,5480,5440,5500,5430,5440,5390,6050,
Haiti,,,,,,,,,,,,1380,1430,1470,1520,1580,1620,1670,1740,1810,1880,1570,1590,1610,1620,1630,1220,1240,1270,1280,1250,1270,1350,1340,1370,1390,1600,1590,1630,1620,1540,1540,1730,1670,1650,1920,1970,2010,1990,1870,
Honduras,,,,,,,,,,,,1010,1040,1060,1090,1110,1140,1170,1210,1250,1320,1330,1370,1390,1410,1470,1480,1560,1600,1630,1690,1700,1700,1700,1670,1660,1700,1900,1900,1480,1520,1490,1550,1620,1670,1770,1980,2120,2080,2200,
Hungary,,,,,,10400,10400,10100,10700,11000,11800,11900,11800,12700,12700,12500,13500,14100,15400,14700,14500,14400,14900,15100,15600,16400,16100,16800,16400,16100,14600,14300,13900,13700,13300,13900,13600,13300,12500,11900,11600,11300,11200,10400,10200,10400,10300,10200,10500,11000,11000
Iceland,151,158,170,184,199,201,222,241,273,310,395,423,459,541,531,579,615,677,709,845,904,1100,1160,1230,1250,1250,1280,1320,1370,1410,1400,1440,1390,1490,1480,1570,1620,1680,1810,2190,2310,2450,2460,2460,2520,2640,3260,3950,4360,4400,4570
India,,,,,,,,,,,,142000,146000,149000,157000,166000,170000,174000,178000,181000,187000,200000,211000,222000,233000,239000,251000,259000,273000,282000,292000,302000,306000,310000,321000,336000,342000,353000,352000,359000,366000,375000,384000,396000,410000,422000,438000,453000,468000,503000,
Indonesia,,,,,,,,,,,,71700,81700,94900,97000,94300,106000,118000,120000,122000,126000,128000,115000,118000,135000,129000,137000,137000,140000,149000,169000,183000,188000,195000,208000,216000,225000,229000,231000,244000,236000,242000,248000,255000,265000,280000,314000,318000,324000,352000,
Iran,,,,,,,,,,,,239000,267000,310000,319000,285000,313000,301000,277000,172000,80800,79400,130000,133000,120000,123000,102000,129000,125000,160000,179000,196000,202000,215000,218000,224000,225000,226000,230000,257000,267000,260000,265000,295000,307000,318000,329000,345000,345000,350000,
Iraq,,,,,,,,,,,,86000,74600,103000,100000,115000,124000,120000,132000,178000,136000,45200,50900,49600,61200,73100,87300,109000,137000,148000,105000,16700,24000,27300,30200,31300,32700,65500,110000,131000,135000,134000,116000,80400,104000,97500,101000,105000,118000,120000,
Ireland,1380,1350,1350,1350,1370,1120,1260,1360,1710,1620,1420,1420,1370,1120,1310,1660,1410,1330,1120,1470,1890,2490,3030,3210,3630,2850,2640,3010,2870,3760,3470,3290,3080,3450,3560,4100,3540,2850,2460,2460,2160,1780,1540,1830,1860,1630,1600,1410,1520,1530,1950
Israel,,,,,,,,,,,,5940,6240,6150,4270,6580,88.1,77.9,74.4,85.8,154,150,78.9,68.1,56,282,341,362,380,391,424,438,458,502,516,548,557,584,600,601,642,673,708,739,1740,2110,2680,2900,3900,3270,3730
Italy,13800,14100,14100,14700,15900,16000,16700,17000,17600,18500,19900,19500,20100,20400,21200,21000,21700,20900,20900,20600,19900,20800,22600,21500,22600,22800,24800,24200,25500,25200,25300,26100,27300,28300,29500,29400,30300,30400,30300,29200,28200,26900,27500,27800,28400,27900,27400,26400,27000,27000,28800
Jamaica,,,,,,,,,,,,277,280,251,267,254,254,234,253,222,224,224,247,235,273,252,255,256,260,310,485,485,484,473,485,483,498,510,467,481,589,500,393,396,412,412,411,412,494,531,
Japan,47000,49900,48100,47200,48000,48100,48900,44900,44800,42300,39300,35800,32600,29500,30600,29900,33000,32000,36200,39400,43300,44500,51800,55200,59300,67100,68900,71700,69700,70500,75200,79200,80200,87700,90500,98600,102000,106000,109000,105000,106000,105000,96900,84100,95100,101000,101000,90600,88700,93800,95100
Jordan,,,,,,,,,,,,0.931,0.931,0.931,0.931,0.931,1.17,0.693,0.693,0.693,0.693,0.931,0.931,1.17,1.17,1.17,16.7,24.2,20,54,162,159,171,188,272,280,275,289,295,286,286,281,263,287,294,256,290,277,276,293,
Kazakhstan,,,,,,,,,,,,,,,,,,,,,,,,,,,,,,,90500,91300,89000,78400,70900,63500,63300,65100,64400,65600,77900,83300,90400,101000,114000,117000,127000,131000,142000,146000,
Kenya,,,,,,,,,,,,4280,4440,4600,4780,4970,5150,5360,5580,5810,6010,6270,6520,6790,7040,7330,7880,8160,8440,8730,9010,9290,9560,9850,10100,10500,10800,11000,11300,11500,11700,12200,12500,13200,13700,14000,14300,14700,15100,15600,
Kuwait,,,,,,,,,,,,161000,174000,160000,136000,112000,115000,106000,116000,139000,93600,63700,46400,59800,66800,60800,65100,69600,82900,99000,50400,10100,59800,107000,114000,115000,115000,115000,118000,108000,114000,112000,101000,121000,132000,147000,151000,147000,153000,130000,
Kyrgyz Republic,,,,,,,,,,,,,,,,,,,,,,,,,,,,,,,2500,2440,1820,1580,1470,1260,1320,1260,1110,1300,1440,1350,1200,1400,1480,1450,1490,1430,1190,1160,
Latvia,,,,,,,,,,,,,,,,,,,,,,,,,,,,,,,1120,1120,1080,1180,1330,1430,1440,1620,1770,1640,1410,1520,1610,1740,1850,1860,1850,1800,1790,2100,
Lebanon,,,,,,,,,,,,169,169,142,178,178,178,178,177,179,178,177,160,152,155,155,153,157,157,150,143,151,167,171,185,180,190,201,193,155,167,159,191,252,234,229,200,192,166,174,
Libya,,,,,,,,,,,,138000,115000,113000,80200,78800,102000,108000,104000,110000,96600,64300,60400,58100,58800,57200,56900,55200,58700,61100,73200,81700,78000,74100,75000,76100,75700,75800,78300,69300,72800,71900,65900,77500,86300,94400,100000,97700,101000,87100,
Lithuania,,,,,,,,,,,,,,,,,,,,,,,,,,,,,,,4940,4930,4370,3860,2700,3850,4490,4060,4620,3660,3360,4260,5060,5370,5200,3920,3490,3800,3850,4210,
Luxembourg,1.72,4.9,3.87,0.172,6.45,8.51,7.74,8.34,8.43,7.31,8.26,4.73,5.59,4.04,7.14,6.11,3.96,24.3,24.2,26.1,29.4,30.3,28.7,28.4,30.9,30.7,26.1,33.7,36.6,35.1,28.8,30.5,45.6,44.2,45.3,44.6,37.4,42.5,53.1,53.4,57.3,58.2,56.1,58.1,66.7,88.3,91.9,94.6,101,106,104
"Macedonia, FYR",,,,,,,,,,,,,,,,,,,,,,,,,,,,,,,1260,1350,1540,1510,1510,1600,1570,1490,1750,1630,1540,1580,1510,1670,1600,1580,1620,1500,1620,1610,
Malaysia,,,,,,,,,,,,4770,6020,5970,5630,6670,10000,11000,15000,18800,18200,17000,19800,27100,33400,34200,40200,41100,43900,47100,48800,52800,54200,56400,58300,64600,70100,73700,74600,72800,76100,77200,80500,83900,88500,91500,90300,90100,93100,89700,
Malta,,,,,,,,,,,,,,,,,,,,,,,,,,,,,,,,,,,,,,,,,,,0.239,0.31,0.406,0.525,0.645,0.788,0.907,1.07,
Mexico,,,,,,,,,,,,43400,45100,47300,55200,63000,67900,79200,95000,114000,147000,171000,196000,193000,195000,193000,182000,191000,190000,191000,195000,202000,202000,203000,204000,202000,212000,220000,224000,221000,222000,226000,226000,237000,247000,254000,251000,244000,233000,220000,218000
Moldova,,,,,,,,,,,,,,,,,,,,,,,,,,,,,,,57.9,65.8,58.1,63.3,52.6,54.1,91,100,62.6,63.9,63.8,74.2,75.5,84.6,92.2,88.4,87.3,88.1,102,104,
Mongolia,,,,,,,,,,,,,,,,,,,,,,,,,,2490,2680,2980,3280,3090,2750,3250,2900,2560,2330,2260,1870,1810,1860,1840,1920,1900,2050,1980,2020,3420,3750,4480,5110,7690,
Morocco,,,,,,,,,,,,620,683,688,733,747,808,899,863,896,878,812,789,836,879,874,891,812,831,758,773,835,816,789,849,831,877,842,765,615,571,584,586,639,680,610,629,639,633,782,
Mozambique,,,,,,,,,,,,6170,6130,6130,6180,6280,6250,6120,6040,6060,6090,6120,6060,5970,5950,5920,5820,5780,5710,5660,5610,5600,5630,5700,5800,5910,6010,6160,6770,6960,7260,7550,7760,7730,9050,10100,10700,11100,11500,11900,
Myanmar,,,,,,,,,,,,7340,7630,7810,7870,8130,8530,8830,9000,9210,9520,9640,9760,9990,10400,11100,11200,10900,10600,10900,10700,10500,10800,10400,11000,11000,10900,11200,12200,13700,15400,15800,16500,18400,20600,23100,23000,23900,23000,22400,
Namibia,,,,,,,,,,,,,,,,,,,,,,,,,,,,,,,,218,211,207,190,249,230,217,252,270,286,296,298,317,323,324,313,332,324,329,
Nepal,,,,,,,,,,,,3600,3680,3760,3840,3930,4020,4110,4200,4300,4400,4500,4600,4710,4810,4910,5030,5140,5250,5370,5500,5620,5730,5860,5990,6140,6270,6400,6540,6710,7140,7340,7620,7790,7970,8150,8300,8460,8640,8820,
Netherlands,10200,10500,9980,10100,10400,11100,11400,12800,17200,22400,28900,37300,47800,56800,66700,71300,76300,76000,70000,73500,71800,66800,57500,61800,62900,66300,62300,61900,55300,59500,60500,67400,67400,68500,66400,66700,74600,66200,63700,59500,57600,61500,60700,58700,68000,62200,61100,61300,66600,63100,69700
New Zealand,2490,2580,2700,3030,3350,3380,3420,3150,3250,3320,3400,3420,3840,4050,4580,4800,5440,6100,5960,5280,5470,5770,6680,7140,7990,8950,9880,9680,10400,11500,11500,12100,12400,12900,12600,12700,13800,14500,13400,13700,14100,14200,14600,13400,13000,12600,13100,14000,15000,15200,16600
Nicaragua,,,,,,,,,,,,736,758,796,822,852,888,881,890,918,907,921,951,976,1220,1300,1220,1230,1260,1440,1500,1540,1520,1510,1490,1500,1550,1600,1460,1480,1550,1540,1660,1810,1930,1950,2090,1660,1690,1710,
Nigeria,,,,,,,,,,,,112000,127000,140000,151000,128000,144000,146000,137000,159000,149000,119000,113000,112000,121000,128000,128000,123000,132000,148000,151000,157000,162000,165000,166000,169000,182000,194000,189000,188000,202000,211000,196000,216000,230000,233000,235000,231000,228000,229000,
North Korea,,,,,,,,,,,,18200,18700,19100,19700,20500,21700,23000,24100,25600,27200,28100,29500,29700,30500,31800,31500,31000,30600,30400,28900,28100,24500,22500,21300,20000,17900,17400,15900,17700,18800,19300,18700,19300,20200,22000,22300,19700,20800,20300,
Norway,2970,3150,3600,3690,4120,4550,4480,4880,5410,5200,5290,6030,7650,8060,8570,16100,21800,23300,36900,45900,55000,55400,55400,63500,69600,72600,74900,86500,94900,113000,119000,131000,147000,155000,170000,184000,207000,213000,206000,209000,227000,226000,235000,234000,228000,224000,215000,215000,219000,214000,205000
Oman,,,,,,,,,,,,15200,14600,15200,15100,17800,19000,17600,16500,15600,15100,17400,17900,20700,22400,26800,30300,31600,33600,34700,38300,39500,41700,44300,46300,48700,50200,51500,51800,54000,61000,65300,63300,60500,58900,60300,61700,60500,63400,67200,
Pakistan,,,,,,,,,,,,14400,14800,15600,16400,17100,17400,18300,19000,19800,20900,22100,23100,24000,24400,26000,27500,30200,31400,33100,34200,36200,37700,39000,39500,41000,42000,42200,43300,45100,46900,49000,50100,55300,58800,61500,61900,64200,63300,64900,
Panama,,,,,,,,,,,,342,339,342,366,380,405,442,487,499,527,568,568,539,594,604,605,600,610,612,612,603,624,663,651,604,701,704,643,730,756,678,738,689,753,735,751,695,698,666,
Paraguay,,,,,,,,,,,,1170,1190,1270,1300,1250,1310,1330,1420,1470,1610,1630,1670,1750,1760,2030,2780,3670,3880,4310,4580,4880,4520,4820,5380,6030,6390,7010,6860,6740,6840,6160,6290,6620,6630,6730,7130,7290,7530,7440,
Peru,,,,,,,,,,,,7350,7520,7870,8300,8050,8360,9230,12300,14200,14500,14600,15000,13600,14600,14700,13900,12900,11600,10800,10600,9830,9600,10100,10100,10000,9960,9740,9790,9530,9360,9410,9290,9510,9610,10900,11700,12500,12700,15100,
Philippines,,,,,,,,,,,,7530,7700,8070,8350,8600,8900,9100,9410,11300,12200,12900,14100,15400,16000,16500,16400,16000,16500,17000,17200,16800,16900,16500,16500,15800,15800,16100,17300,18700,19600,18400,20100,20600,20900,21400,21400,22200,23000,23500,
Poland,64800,66800,68700,71300,75700,77300,79900,81500,85900,91600,95800,99300,104000,107000,111000,116000,120000,123000,132000,135000,127000,108000,125000,127000,128000,129000,131000,132000,132000,122000,104000,99800,97700,97400,97400,99400,99000,100000,87600,83900,79600,80300,80200,79900,78800,78700,77600,72500,71400,67500,67800
Portugal,1270,1320,1280,1320,1350,1370,1450,1470,1420,1540,1410,1380,1410,1400,1440,1330,1160,1640,1740,1810,1480,1250,1450,1600,1740,1940,1850,1950,2220,2490,3390,3400,2940,3280,3490,3320,3790,3750,3730,3370,3850,4100,3640,4340,3900,3610,4370,4650,4490,4890,5960
Qatar,,,,,,,,,,,,22000,25000,29500,26400,23700,26200,23400,25200,27500,26500,24200,21000,19600,25800,20800,22000,20500,22100,25500,26600,26800,29200,28700,28300,28700,29500,40200,46000,53200,59200,63100,67700,71900,87900,93100,102000,113000,133000,140000,
Romania,,,,,,,,,,,,42800,44400,46200,47500,50000,52100,54100,54000,51900,52600,54700,55200,55900,55700,54300,54000,52600,53500,49800,40800,36000,34500,33400,31700,32300,32800,31500,28800,27800,28300,27700,29100,29300,28400,27800,27900,27700,28900,28300,
Russia,,,,,,,,,,,,,,,,,,,,,,,,,,,,,,,1290000,1220000,1140000,1060000,991000,968000,965000,933000,940000,962000,978000,1010000,1050000,1120000,1170000,1200000,1230000,1240000,1250000,1180000,
Saudi Arabia,,,,,,,,,,,,244000,308000,389000,435000,365000,444000,475000,437000,497000,534000,531000,361000,284000,264000,201000,286000,249000,298000,300000,370000,466000,480000,473000,464000,467000,472000,467000,482000,445000,479000,470000,440000,515000,553000,581000,576000,555000,579000,528000,
Senegal,,,,,,,,,,,,825,832,839,846,853,859,866,872,879,886,892,899,905,912,919,926,935,952,959,964,970,975,992,1010,1060,1090,1100,1120,1140,1190,1210,1260,1260,1260,1270,1230,1220,1230,1260,
Serbia,,,,,,,,,,,,,,,,,,,,,,,,,,,,,,,13400,12100,11800,11400,10500,12200,12100,12500,12700,10500,11400,11100,11300,11400,11600,10300,10600,10600,10800,9440,
Singapore,,,,,,,,,,,,,,,,,,,,,,,,,,,,,,,,,,,,,,,14.4,15.1,22.7,24.1,33.7,28.2,26.8,46.1,34.4,24.7,32.3,28.9,
Slovak Republic,,,,,,,,,,,,2690,2660,2580,2590,2590,2540,2500,2630,2900,3470,3560,3740,3830,4040,4680,5150,5230,5300,5420,5280,4830,4480,4990,5480,5040,4980,4950,4990,5510,6330,6690,6820,6590,6450,6610,6620,5980,6420,5940,6140
Slovenia,,,,,,,,,,,,,,,,,,,,,,,,,,,,,,,3070,3100,2950,2770,2890,2970,2880,3000,3050,2870,3100,3160,3340,3270,3460,3510,3440,3470,3670,3540,3550
South Africa,,,,,,,,,,,,37800,37900,40400,42800,45200,49000,54100,58700,66500,73200,80900,87200,91100,103000,110000,113000,112000,117000,115000,115000,117000,115000,123000,128000,135000,135000,143000,145000,145000,146000,145000,144000,153000,158000,158000,157000,159000,162000,161000,
South Korea,,,,,,,,,,,,6380,6200,6760,7640,8410,7810,8150,8710,9030,9270,9730,10000,11300,12700,14600,18400,21400,21500,21900,22600,22200,20400,20100,19300,21200,22500,23700,27100,30600,34400,34900,34800,37900,38300,42900,43700,42600,44700,44300,44600
Spain,9840,9950,9310,10000,9460,9850,10500,9780,10100,10400,9690,10500,11600,11400,13100,13400,12600,14500,14500,15700,15800,17700,19700,21900,25100,26500,28300,27900,30300,34600,34600,34300,33700,32900,32300,31500,32700,31700,32300,30700,31700,33500,31800,33000,32600,30100,31300,30300,30400,29700,33900
Sri Lanka,,,,,,,,,,,,2810,2810,2850,2890,3120,3160,3060,3140,3190,3210,3300,3420,3420,3730,3780,3920,3980,4100,4180,4190,4200,4330,4260,4000,4020,4200,4350,4320,4550,4750,4560,4540,4660,4770,4920,5160,5080,5070,5090,
Sudan,,,,,,,,,,,,5670,5790,5910,6040,6180,6360,6530,6720,6900,7090,7280,7480,7820,7850,8030,8200,8350,8500,8640,8780,8900,9030,9150,10300,10400,10800,11000,11400,14400,20200,22300,24400,25400,27000,27000,29100,34900,34100,35200,
Sweden,5480,5930,6110,6000,6490,6770,6590,6930,6870,6450,6490,7390,7890,9250,9010,11700,12400,13200,14900,14700,16100,19300,19100,20900,24300,26900,29100,29400,29900,29000,29700,31400,29500,29300,31300,31800,32000,32500,34000,33200,30500,33900,31800,30900,34300,34700,32800,33600,33200,30400,32600
Switzerland,2110,2200,2210,2320,2280,2530,2730,2900,2850,2770,3360,2910,3330,4280,4430,5100,4500,5380,5320,6250,7030,7640,7720,7800,8100,9410,9550,9820,9860,9360,10300,10400,10600,10900,11400,11200,10800,11300,11400,12100,12000,12600,12200,12300,12100,11000,12200,12700,12800,12800,12700
Syria,,,,,,,,,,,,5320,5890,5570,6480,9680,10200,9340,10200,8970,9500,9810,9350,9710,9850,9700,9920,13000,15200,19100,22300,26600,27700,28700,31100,33100,31800,32600,33700,33900,32700,33900,37100,36000,28400,26100,24800,23900,23800,23600,
Tajikistan,,,,,,,,,,,,,,,,,,,,,,,,,,,,,,,2030,1830,1660,1700,1540,1330,1350,1240,1270,1380,1260,1290,1360,1470,1490,1550,1520,1570,1490,1500,
Tanzania,,,,,,,,,,,,6870,6880,6910,6950,7020,7050,7080,7140,7200,7300,7450,7600,7770,7940,8130,8300,8480,8670,8860,9060,9260,9450,9670,9860,10100,10300,10400,11200,12100,12700,13400,13900,14400,15100,15800,16400,17000,17500,18100,
Thailand,,,,,,,,,,,,7890,7970,8160,8780,10100,10600,11000,10800,11700,11200,12100,13500,11200,13100,16600,17500,19400,21500,24300,26600,29600,30900,30200,31700,33200,37200,40000,39700,41500,44000,43200,45900,49200,51200,55000,56900,60000,64400,61700,
Togo,,,,,,,,,,,,614,629,643,652,668,683,706,725,732,751,772,797,817,844,873,902,950,978,1010,1050,1110,1170,1230,1280,1360,1420,1480,1550,1720,1770,1800,1850,1900,1940,2000,2040,2100,2140,2190,
Trinidad and Tobago,,,,,,,,,,,,8150,8750,9980,10900,12200,12200,13300,13700,13000,13100,12200,12200,11400,12400,12800,12500,12000,12400,12300,12600,12200,12400,11600,12300,12200,12900,12900,13900,16100,20000,20600,24000,31000,33000,36400,42800,43200,42700,44000,
Tunisia,,,,,,,,,,,,4650,4540,4540,4900,5400,4490,5130,5860,6520,6670,6480,6250,6670,6630,6550,6370,6120,6060,6110,5730,6360,6600,5730,5470,5330,5910,6350,6780,6730,6630,6640,6710,6450,6810,6680,6630,7900,7550,7810,
Turkey,9370,9480,9730,10200,10600,11200,12200,13200,13500,14000,14000,13800,15100,15500,15900,16300,16600,16900,17600,17400,17100,18100,19000,19300,20300,21900,23500,25000,24800,25600,25800,25600,26400,26200,26300,26500,27100,28000,29100,27500,25900,24400,24100,23600,24100,23900,26400,27300,29000,30300,30300
Turkmenistan,,,,,,,,,,,,,,,,,,,,,,,,,,,,,,,74900,74100,48800,57400,32900,32800,32900,19800,18100,26300,46000,50400,52900,58600,57800,61100,60000,65800,68400,40900,
Ukraine,,,,,,,,,,,,,,,,,,,,,,,,,,,,,,,136000,119000,112000,100000,87400,81600,73700,74700,74600,75500,76400,76300,76800,79500,80200,81000,83000,81600,81300,76900,
United Arab Emirates,,,,,,,,,,,,52800,59800,76100,83300,84400,97000,101000,94600,95400,90200,82500,71000,66200,64300,63400,73200,80100,83700,101000,110000,127000,134000,131000,134000,137000,142000,147000,151000,143000,156000,152000,149000,163000,171000,174000,185000,186000,187000,169000,
United Kingdom,115000,113000,118000,118000,117000,115000,109000,109000,107000,102000,101000,110000,101000,109000,103000,115000,127000,155000,167000,193000,198000,207000,222000,233000,205000,238000,247000,242000,234000,209000,208000,215000,215000,223000,245000,258000,269000,268000,272000,282000,273000,262000,258000,247000,226000,205000,187000,177000,167000,159000,150000
United States,965000,973000,1010000,1060000,1100000,1140000,1200000,1300000,1340000,1370000,1450000,1440000,1470000,1460000,1430000,1410000,1420000,1450000,1470000,1530000,1550000,1550000,1530000,1470000,1590000,1570000,1560000,1590000,1620000,1620000,1650000,1640000,1650000,1600000,1660000,1660000,1680000,1680000,1690000,1670000,1670000,1690000,1660000,1630000,1650000,1630000,1650000,1670000,1700000,1690000,1740000
Uruguay,,,,,,,,,,,,520,493,538,525,521,537,580,595,566,766,838,910,1120,1130,1110,1240,1240,1020,900,1150,1090,1260,1190,1180,1010,980,1040,1230,920,1030,1210,1240,1160,853,1020,785,1230,1390,1520,
Uzbekistan,,,,,,,,,,,,,,,,,,,,,,,,,,,,,,,38600,39600,40800,42800,46100,48700,49100,51300,54400,55000,54900,55500,56200,56300,57100,56400,58500,59800,62000,60700,
Venezuela,,,,,,,,,,,,210000,192000,203000,182000,145000,143000,141000,137000,150000,140000,136000,126000,120000,123000,115000,123000,125000,130000,132000,149000,165000,166000,175000,182000,197000,223000,235000,232000,211000,221000,217000,203000,179000,218000,233000,234000,211000,208000,204000,
Vietnam,,,,,,,,,,,,14200,13900,14800,15700,16700,17200,17900,18100,18200,18400,19100,19600,19900,19500,20100,20800,21300,22300,23200,24700,26800,28800,30600,31800,34500,37700,40600,43900,45600,48100,50100,53200,54400,65200,69700,72500,73600,71400,76600,
Yemen,,,,,,,,,,,,48.7,50.1,50.1,51.6,53,54.5,55.9,57.3,58.7,60.2,61.6,63,64.5,65.9,68.8,427,1010,8050,9060,9380,10300,8930,11000,17000,17300,17500,18300,18600,19700,22000,22100,22200,21900,20600,20500,18700,16500,15300,15200,
Zambia,,,,,,,,,,,,2690,3050,3120,3360,3470,3610,3800,3800,3890,4030,4160,4350,4330,4450,4580,4700,4620,4800,4690,4920,5100,5050,5250,5260,5350,5350,5490,5640,5790,5930,6070,6220,6360,6440,6620,6790,6900,7030,7240,
Zimbabwe,,,,,,,,,,,,5100,5020,5280,5450,5360,5740,5620,5590,5740,5790,5690,5830,5950,6090,6440,6820,7640,7780,8000,8550,8980,9030,8620,8460,8380,8260,8060,8240,8720,8620,8610,8640,8600,8610,8860,8680,8630,8530,8530,
